{"loss": [1.3593326807022095, 0.4333493709564209, 0.2585686445236206, 0.17966626584529877, 0.13572794198989868, 0.1100223958492279, 0.08885173499584198, 0.07455945760011673, 0.06569570302963257, 0.05856330320239067], "accuracy": [0.6002702713012695, 0.8631054759025574, 0.91593998670578, 0.9417312741279602, 0.9556725025177002, 0.9634255766868591, 0.9711928367614746, 0.9763568043708801, 0.9787182807922363, 0.9812646508216858], "val_loss": [0.5305700302124023, 0.26121288537979126, 0.24498097598552704, 0.21469563245773315, 0.211281880736351, 0.1423763632774353, 0.12508626282215118, 0.13422755897045135, 0.22026696801185608, 0.1360655277967453], "val_accuracy": [0.832403838634491, 0.916458010673523, 0.9188481569290161, 0.9320510029792786, 0.9357500672340393, 0.9538470506668091, 0.9618711471557617, 0.9605622291564941, 0.9413270950317383, 0.9608467817306519]}